title,price,rating,total_buy
"HP 14 Laptop, Intel Celeron N4020, 4 GB RAM, 64 GB Storage, 14-inch Micro-edge HD Display, Windows 11 Home, Thin & Portable, 4K Graphics, One Year of Microsoft 365 (14-dq0040nr, Snowflake White)",$172.16,4.1,"3,877"
"Laptop, Laptop Computer with Intel N97 Processor(Up to 3.6GHz), 16GB DDR4 512GB SSD Windows 11 Laptop for Home Business and Student, 1080P, USB3.2,Long Battery Life",$369.00,5.0,16
"HP Laptop Computer for Student & Business, 1-Year Office365, 4GB RAM, 384GB Storage (128GB UFS + 256GB Hub Docking Set), 14 Inch, Intel 4-Core Processor (Beat i3-1115G4), WiFi 6, BT 5.4, Windows 11 S",,4.6,343
"ASUS ROG Strix G16 (2025) Gaming Laptop, 16” FHD+ 16:10 165Hz/3ms Display, NVIDIA® GeForce RTX™ 5060 Laptop GPU, Intel® Core™ i7 Processor 14650HX, 16GB DDR5, 1TB Gen 4 SSD, Wi-Fi 7, Windows 11 Home","$1,274.99",4.6,80
"Laptop 16-inch 8GB DDR 256GB SSD Portable Laptop,Expandable to 1TB Pentium Quad-core CPU up to 2.64 GHz 9000mAh Battery Mini HDMI Interface USB3.0 Interface Dual-Band WiFi Webcam Slim laptops",$199.99,5.0,16
"Acer Aspire 3 A315-24P-R7VH Slim Laptop | 15.6"" Full HD | AMD Ryzen 3 7320U Quad-Core | AMD Radeon Graphics | 8GB LPDDR5 | 128GB NVMe SSD | Wi-Fi 6 | Windows 11 Home",$319.99,4.2,"4,219"
"HP Stream 14"" HD BrightView Laptop, Intel Celeron N4120, 16GB RAM, 288GB Storage (128GB eMMC + 160GB Docking Station Set), Intel UHD Graphics, 720p Webcam, Wi-Fi, 1 Year Office 365, Win 11 S, Silver",$309.00,4.1,"1,272"
"Dell Inspiron Touchscreen Laptop, 15.6"" Business & Student Laptop Computer, Windows 11 Pro Laptop 32GB RAM 1TB SSD, Intel i5-1155G7 Processor, Full HD IPS Display, Numeric Keypad, HDMI, Carbon Black",$524.00,4.2,654
"Lenovo V-Series V15 Business Laptop, 15.6"" FHD Display, AMD Ryzen 7 7730U, 40GB RAM, 1TB SSD, Numeric Keypad, HDMI, RJ45, Webcam, Wi-Fi, Windows 11 Pro, Black",$579.00,4.2,382
"Laptop Computer, 8GB RAM, 128GB SSD, Quad-Core N5095 Processor Laptop, 14"" HD Display Laptops, Support WiFi 5, Bluetooth 5.0, USB 3.0, Webcam, Pre-Installed Office Pro Plus 2024",$189.00,4.4,89
"HP Chromebook 14 Laptop, Intel Celeron N4120, 4 GB RAM, 64 GB eMMC, 14"" HD Display, Chrome OS, Thin Design, 4K Graphics, Long Battery Life, Ash Gray Keyboard (14a-na0226nr, 2022, Mineral Silver)",$172.14,4.3,"2,213"
"14 inch Laptop Computer, 8GB DDR4 RAM 128GB SSD, 4-Core Processor (Up to 2.9GHz), Thin & Portable Notebook PC, WiFi, BT4.2, MS Office 2024",$159.20,4.2,97
"HP Portable Laptop (Include 1 Year Microsoft 365), 14’’ HD Display, 16GB RAM, 64GB eMMC, Intel Quad-Core N4120, Student and Business, Webcam, HDMI, Wi-Fi, RJ-45, Windows 11 Home, Grayish Blue",$213.49,4.1,"3,258"
"SGIN 17.3 Inch Laptop Computer, Win 11 Laptops with Celeron I3 Processor, 4GB DDR3 128GB SSD, 60800mWh Battery, FHD IPS Display, Type-C, HDMI, 5G WiFi, BT4.2, Numpad, for Business and Students",$239.99,5.0,16
"HP Stream 14"" HD BrightView Laptop, Intel Celeron N4120, 16GB RAM, 416GB Storage (128GB eMMC + 288GB Docking Station Set), Intel UHD Graphics, 720p Camera, Wi-Fi, 1 Year Office 365, Win 11 S, Gold",$299.00,4.3,625
"HP 15.6"" Business Laptop, Free Microsoft Office 2024 Lifetime License, Copilot AI Chat, HD Touchscreen Display, Intel 6-Core i3-1215U 4.4 GHz, 16GB RAM, 1TB SSD, Long Battery Life, Windows 11 Pro",$439.95,4.2,568
"Lenovo IdeaPad 3i Chromebook, 15.6” FHD Display, Intel Celeron N4500, 8GB RAM, 64GB eMMC, 1920x1080 px, 720p Camera, Chrome OS, Abyss Blue",$189.99,4.3,983
"SGIN Win 11 Laptops Computer, 15.6 Inch Laptop with Celeron N4000 Processor, 4GB RAM 128GB SSD, BT5.0, Standard HDMI, Webcam, Wi-Fi 5, 7000mah Battery, Type-C, 180° Viewing, USB3.2(Gray)",$633.99,4.4,20
"Lenovo IdeaPad 1 Student Laptop, 15.6"" FHD Display, Intel Dual Core Processor, 12GB RAM, 512GB SSD + 128GB eMMC, 1 Year Office 365, Wi-Fi 6, Webcam, Bluetooth, SD Card Reader, Windows 11 Home, Grey",$285.99,4.2,811
"HP 2023 Chromebook Laptop, 14 Inch Display, Intel Celeron N4120 Processor, 4GB RAM, 64GB eMMC, Intel UHD Graphics 600, WiFi, Bluetooth, Chrome OS, Modern Gray",$162.98,4.2,793
"ASUS Chromebook CM14 Laptop, 14"" HD Anti-Glare Display (1366x768), MediaTek Kompanio 520, 4GB RAM, 64GB eMMC, ChromeOS, Gray, CM1402CM2A-DS44, Gravity Grey",$162.00,4.2,"1,442"
"Lenovo IdeaPad 1 Student Laptop, Intel Dual Core Processor, 20GB RAM, 1TB SSD + 128GB eMMC, 15.6"" FHD Display, 1 Year Office 365, Windows 11 Home, Wi-Fi 6, Webcam, Bluetooth, SD Card Reader, Grey",$409.00,4.1,"1,351"
"HP Pavilion 15.6"" HD Touchscreen Anti-Glare Laptop, 16GB RAM, 1TB SSD Storage, Intel Core Processor up to 4.1GHz, Up to 11 Hours Long Battery Life, Type-C, HDMI, Windows 11 Home, Silver",$406.00,4.2,"1,365"
"Dell Inspiron 15 3000 3520 Business Laptop Computer[Windows 11 Pro], 15.6'' FHD Touchscreen, 11th Gen Intel Quad-Core i5-1135G7, 16GB RAM, 1TB PCIe SSD, Numeric Keypad, Wi-Fi, Webcam, HDMI, Black",$493.00,4.2,483
"ALLDOCUBE 15.6"" Laptop 12GB RAM+256GB SSD GTBook 15, Windows 11 System, Intel Celeron N5100 Quad-core Chip, FHD IPS 1920x1080 Display, Dual Microphone & Speaker, 2.4G+5G WiFi, 10000mAh Battery",$159.99,3.9,536
"Dell Chromebook 11 5190 Intel Celeron N3350 X2 1.1GHz 4GB 16GB 11.6in, Black (Renewed)",,3.8,"1,558"
"HP 14"" HD Chromebook Laptop for Students, Intel Quad-Core N4120(> N4020), 4GB RAM, 64GB eMMC, WiFi, Webcam, HDMI, USB-A&C, 14 Hours Battery life, ZOOM, Chrome OS, CUE Accessories",$175.00,4.4,67
"Acer Aspire Go 15 AI Ready Laptop | 15.6"" Full HD (1920 x 1080) IPS Display | Intel Core 3 Processor N355 | Intel Graphics | 8GB DDR5 | 128GB UFS | Wi-Fi 6 | Windows 11 Home in S Mode | AG15-32P-39R2",$279.99,4.3,112
"ASUS Vivobook Laptop, 14"" FHD Display, i3-1215U, 16GB RAM, 512GB SSD, Wi-Fi 6, HDMI, Webcam, Touchpad, Windows 11 Home, Blue",$323.29,4.2,407
"2025 AMD Laptop, 16.1inch Laptop Computer with AMD Ryzen 7 5000 Series(8C/16T, Up to 4.3GHz), 16GB RAM 512GB NVMe SSD Windows 11 Laptop, Radeon RX Vega 8 Graphics,WiFi 6, Backlit KB",$449.99,4.8,6
"2025 AMD Laptop, 16.0inch Laptop Computer with AMD Ryzen 7 5000 Series(8C/16T, Up to 4.5GHz), 16GB RAM 512GB NVMe SSD Windows 11 Laptop, Radeon RX Vega 8 Graphics,WiFi 6, Backlit KB",$499.99,3.3,7
"14"" Itel Laptop Computer- Celeron N3350 (Dual-Core) | 4GB RAM | 256GB SSD | Ultra Slim Design | HDMI & USB 3.2 | 2.4G/5G WiFi | Webcam | for Home, Office & School",$199.00,2.9,12
"Lenovo ThinkBook 16 G7 Business Laptop, 16” FHD+, AMD Ryzen 7 7735HS, 32GB DDR5, 1TB NVMe, WiFi 6E + BT, Backlit KB, Fingerprint Reader, HD Webcam, Win 11 Pro",$829.95,4.5,18
"HP 14"" Ultral Light Laptop for Students and Business, Intel Quad-Core, 8GB RAM, 192GB Storage(64GB eMMC+128GB Ghost Manta SD Card), 1 Year Office 365, USB C, Win 11 S",$249.99,4.1,"2,131"
"MSI Katana 15 HX 15.6” 165Hz QHD+ Gaming Laptop: Intel Core i9-14900HX, NVIDIA Geforce RTX 5070, 32GB DDR5, 1TB NVMe SSD, RGB Keyboard, Win 11 Home: Black B14WGK-016US","$1,499.99",4.8,38
"HP 17 Business Laptop, 17.3” HD+ Display, 11th Gen Intel Core i3-1125G4 Processor, 32GB RAM, 1TB SSD, Wi-Fi, HDMI, Webcam, Windows 11 Pro, Silver",$530.79,4.2,855
"ASUS Vivobook Go 15.6” Slim Laptop, AMD Ryzen 5 7520U, 8GB, 512GB, Windows 11 Home, Cool Silver, Military Grade Durability, Fast Charging, Webcam Shield, E1504FA-AS54",$408.32,4.3,480
New Business & Student School Laptop 14 inch FHD Display Pentiu.m N6000 Processor 4GB Memory 64GB eMMC Webcam Wi-Fi HDMI USB-C Touchpad up to 10 Hours Long Battery Life Win 11 Home in S Mode Black,$166.99,4.5,70
"2025 New Gaming Laptop, Laptop with AMD Ryzen 7 7735HS (8C/16T, Up to 4.75GHz), 16GB DDR5 512GB NVMe SSD Laptop Computer, Up to 4TB, 16-inch FHD Display, WiFi 6, Backlit KB, Type-C, Dual Fans",$599.98,5.0,5
"ASUS ROG Strix G16 (2025) Gaming Laptop, 16” ROG Nebula Display 16:10 2.5K 240Hz/3ms, NVIDIA® GeForce RTX™ 5070 Ti GPU, Intel® Core™ Ultra 9 275HX Processor, 32GB DDR5, 1TB SSD, Wi-Fi 7, Win11 Home","$2,159.99",4.1,546
"jumper 17.6 Inch Laptop, 16GB RAM(Supports Expandable up to 32GB), 640GB ROM, Office 365, Windows 11 Laotop with Celeron N5095, IPS FHD Display 100% sRGB, Backlit Keyboard, WiFi-6, Numpad, BT5.2",$399.99,5.0,26
"HP 17 Laptop, 17.3"" HD+ Touchscreen Display, 12th Gen Intel Core i7-1255U, 64GB RAM, 2TB SSD, Webcam, HDMI, SuperSpeed USB Ports, Wi-Fi 6, Windows 11 Home, Silver",,4.3,824
"Laptop Computer, 12GB RAM 256GB NVMe SSD, N5095 Quad Core (up to 2.9GHz), 14-inch FHD IPS Display, Win 11 Pro Laptop, 2.4G/5G WiFi, BT4.2, Type C, Lightweight and Portable",$189.00,4.4,30
"HP 15.6 HD Premium Chromebook, Intel Celeron N Processor 3.7GHz Turbo Speed, 8GB Ram, 64GB SSD, Ultra-Fast WiFi Up to 1700 Mbps, Chrome OS, Arctic Sliver",$227.40,4.4,"3,967"
"Dell Inspiron 15 Laptop, 15.6"" Touchscreen FHD Computer, 8-Core AMD Ryzen 7 7730U (Beat Ultra 5 125U), 32GB DDR4 RAM, 1TB PCIe SSD, WiFi, Bluetooth, Webcam, HDMI, Windows 11 Pro, Type C to RJ45 Cable",$649.00,5.0,4
"Lenovo Legion 5i – Gaming Laptop - Intel® Core™ i7-14700HX - 15"" 2.5K WQXGA PureSight OLED Display–165Hz Refresh Rate–NVIDIA® GeForce RTX™ 5070 – 16 GB Memory – 1 TB Storage – 3 Months of PC GamePass","$1,479.99",4.8,13
"HP 255 G10 15.6"" FHD Business Laptop, AMD Ryzen 7 7730U, 32GB RAM, 1TB PCIe SSD, Numeric Keypad, Webcam, Wi-Fi 6, HDMI, Windows 11 Pro, Black",$575.95,4.1,317
"ACEMAGIC 2025 Laptop,17.3-Inch FHD Display Laptop with Quad Core-12th Alder Lake N97(Up to 3.6GHz), 16GB RAM 512GB ROM Traditional Laptop Computer, 6000Mah Battery,Silver","$1,499.99",5.0,2
"Lenovo 15.6"" FHD Chromebook-Intel Quad-Core N4120(> N4020) 4GB RAM,128GB Storage,(64GB eMMC+64GB SD Card),Home & Student Laptop,with Privacy Camera,Wi-Fi6,HDMI1.4,Chrome OS,Artic Grey",$211.00,4.7,52
"ASUS 2024 Business Laptop, 14"" FHD Display, Intel Celeron N4500, 1-Year of Microsoft 365, 4GB RAM, 64GB eMMC, Intel Graphics, Wi-Fi 5, Windows 11",,3.6,37
ASUS E410 Intel Celeron N4020 4GB 64GB 14-Inch HD LED Win 10 Laptop (Star Black),$158.86,4.0,"1,081"
"Dell Inspiron Personal Laptop, 15.6"" 1920 x 1080 Pixels Touchscreen, AMD Ryzen 7 7730U 8 Cores, 32GB DDR4+ 1TB SSD, Win11 Pro, HDMI 1.4, Wi-Fi 5, Fullsize Keyboard with Numpad",,,
"Lenovo IdeaPad 1i Laptop, 15.6"" FHD Touchscreen, Intel Core i5-1235U Processor, 16GB RAM, 512GB SSD, Webcam, HDMI, Wi-Fi 6, Windows 11 Home, Blue",$468.00,4.5,117
"HP 15.6"" Portable Laptop (Include 1 Year Microsoft 365), HD Display, Intel Quad-Core N200 Processor, 16GB RAM, 128GB Storage, Wi-Fi 6, Webcam, HDMI, Numeric Keypad, Windows 11 Home, Silver",$308.00,4.0,"1,229"
"Lenovo 2024 IdeaPad 1 Gen 7 Laptop, 15.6"" FHD Touchscreen, Intel Core i3-1215U, 16GB RAM, 512GB SSD, SD Card Reader, HDMI, Webcam, Wi-Fi 6, Windows 11 Home, Grey",$409.99,4.4,137
Windows11 Intel Laptop 15.6”HD Display（Celeron N5095）16GB RAM 256GB SSD Storage，With Free Office 2024 | Fingerprint Unlock | Privacy Camera | Backlit Keyboard，Suitable for Student and Business,$299.99,4.3,30
"SAMSUNG Galaxy Book4 2024 Business Laptop 15.6"" FHD IPS 10-Core Intel 7 150U 16GB LPDDR4 512GB SSD Intel Graphics Wi-Fi 6 Backlit Keyboard Fingerprint Win11 Home w/ONT 32GB USB",$674.90,4.9,16
"HP Chromebook Thin Laptop Student Business 2024, 14"" HD Display, Quad-Core Intel Celeron N4120 Processor, 4GB RAM, 64GB eMMC, HD Webcam, WiFi, Long Battery, Chrome OS +HubxcelAccessory Gray",$185.00,4.3,106
"15.6''Gaming Laptop Intel Core i7-9750H (6C/12T) 16GB DDR4 RAM 1TB NVMe SSD Laptop,Intel UHD Graphics 630 Win11 Pro PC,1920 * 1080 FHD IPS Display,BT4.2,WiFi 5,Type_C,6000Mah Battery (16G+1TB)",$599.90,5.0,3
"ASUS Vivobook 17.3"" FHD Laptop, Intel 6-Core i3-1215U, 16GB RAM, 1TB PCIe SSD, Numeric Keypad, Wi-Fi 6E, Type-C, HDMI, Windows 11 Pro, w/BWE Accessories",$479.99,4.9,14
"Dell Inspiron 3530 Laptop - 15.6-inch FHD (1920 x 1080) Touchscreen Display, Intel Core i5-1335U, 16GB DDR4 RAM, 512GB SSD, Intel Iris Xe Graphics, Windows 11 Home - Carbon Black",,4.0,139
"SGIN Laptops Windows 11, 15.6 Inch Laptop Computer 8GB DDR3 512GB SSD with I3 Processor, Webcam, HDMI, USB3.0, 7000mAh Battery, BT4.2, USB 3.2 * 3, WiFi, Type-C(Black)",$219.99,4.2,11
"HP 14"" Laptop Stream Ultral Light for Students and Business, Quad-core Intel Celeron Processor, 16GB RAM, 256GB Storage (128GB eMMC+128GB Ghost Manta SD Card), 1 Year Office 365, HDMI, Win 11",$249.00,4.3,91
"ASUS 14"" FHD Laptop, Intel Pentium N6000 Processor, 4GB RAM, 224GB Storage(64GB eMMC+160GB Docking Station Set), Intel UHD Graphics, Webcam, Bluetooth, Win 11, Star Black",$229.00,4.2,"2,918"
"AOC 2025 AX15 Laptop Computer, 15.6-inch FHD Screen, Work Laptops with N97 Processor(Up to 3.6GHz) 16GB RAM, 512GB SSD, Windows 11 Laptop Computer, Light&Thin, Metal Shell, Webcam, Type-C, USB3.2",$379.99,5.0,7
"14.1"" laptops,Ultral Light Laptop Computer,6GB RAM,128GB Storage(64GB eMMC+ 64GB Card),with Celeron Processor (up to 2.4 GHz),1920x1080 FHD,Webcam, WiFi,Mini HDMI, USB,8000mAh(Sliver)",$137.99,2.5,9
"ASUS Vivobook 14 Laptop, Copilot+ PC, 14” WUXGA 60Hz Display, AMD Ryzen AI 7 350 with XDNA NPU, AMD Radeon Graphics, 16GB RAM, 512GB SSD, Platinum Gold, M1407KA-PS74",$848.79,4.5,132
"Samsung 16” Galaxy Book5 Pro 360 Copilot+ PC, AI Computer, Intel Core 7 Ultra Processor, 3K AMOLED (2880x1800) Touchscreen, S Pen,120Hz, Dolby Atmos, Student Laptop, Lightweight, All-Day Battery Life","$1,349.99",4.3,76
"Lenovo Yoga 7i 2-in-1 Laptop, 16"" 2K Touchscreen Display, Core Ultra 7 155U (Up to 4.80 GHz), 16GB DDR5, 1TB PCIe SSD, Wi-Fi 6E, Backlit KB, FP Reader, TB 4, Webcam, Keypad, PDG HDMI, Win 11 Pro",$814.95,4.3,73
"2025 New AMD Laptop, Laptop with AMD Ryzen 7 6800H (8C/16T, Up to 4.70GHz), 16GB DDR5 512GB NVMe SSD Laptop Computer, Up to 4TB, 16-inch FHD Display, WiFi 6, Backlit KB, Type-C, Dual Fans",$599.99,4.5,11
"Lenovo Ideapad 1 Laptop, 15.6"" FHD (1920x1080) IPS 300nits Anti-Glare Display, Touch, Ryzen 5 7520U, 8GB RAM, 256GB Storage, AMD Radeon Graphics, HDMI, Windows 11, HDMI, Abyss Blue",$364.00,4.6,"1,716"
"2025 Latest 15.6'' for Windows 11 Laptop Computer, Core i7-6500U Laptop 32GB DDR4 1TB SSD, FHD IPS Display & Backlit Keyboard, Webcam, Fingerprint Unlock, 5G Wi-Fi, BT5.2, HDMI, USB3.0",$339.99,,
"ASUS 15.6” Vivobook Go Slim Laptop, Intel Dual Core N4500, 4GB RAM, 128GB SSD, Windows 11, Star Black, L510KA-ES04",$229.99,4.0,"1,568"
"ASUS Vivobook 14 Flip Laptop Copilot+ PC, 14” OLED WUXGA 60Hz Touch Display, Intel® Core™ Ultra 5 226V, Intel® Arc™ Graphics, 16GB Memory, 512GB Storage, Windows 11, Matte Gray, TP3407SA-ES54T",$828.99,4.2,18
"Acer Nitro V Gaming Laptop | Intel Core i7-13620H Processor | NVIDIA GeForce RTX 4050 Laptop GPU | 15.6"" FHD IPS 165Hz Display | 16GB DDR5 | 1TB Gen 4 SSD | Wi-Fi 6 | Backlit KB | ANV15-52-76NK",$849.99,4.6,7
"ACEMAGIC 16.0-inch Laptop, 2025 16GB DDR4 512GB SSD Windows 11 Laptop, Laptop Computer with Intel 12th Quad-Core Processor(Up to 3.6GHz), 1920P FHD Display, Metal Shell, WiFi 5, USB3.2, Type_C","$1,499.99",3.9,174
"Dell Latitude 3550 Laptop Computer for Business and Work, 13th Gen Intel 10-Core i5-1335U (Beat i7-1255U), 32GB DDR5 RAM, 1TB PCIe SSD, 15.6"" FHD, WiFi 6E, Bluetooth 5.3, USB4 Type-C, Windows 11 Pro",$899.00,4.4,57
"MSI Thin 15 15.6” 144Hz FHD Gaming Laptop: Intel Core i7-13620H, NVIDIA Geforce RTX 4050, 16GB DDR4, 512GB NVMe SSD, WiFi 6E, Win 11: Black B13VE-2678US",$759.99,4.3,"1,258"
"14'' Student Laptop Computer,1080P FHD Display,8GB RAM,512GB SSD,N5095 CPU College Student Pink Laptop,Numeric Keypad,256GB TF Card,Webcam, 5GWiFi, HDMI,Pink",$186.20,4.2,16
"Dell Inspiron 15.6"" Laptop Computer, Windows 11 Pro Laptop 32GB RAM 1TB SSD, Intel Core i7-1255U Processor, 1920 x 1080 IPS 120Hz Display, Microsoft Office Lifetime License, Numeric Keypad, Black",$700.00,4.0,47
"HP 15.6"" Business Laptop, Free Microsoft Office 2024 Lifetime License, Copilot AI Chat, HD Touchscreen Display, Intel 6-Core i3-1215U 4.4 GHz, 16GB RAM, 512GB SSD, Long Battery Life, Windows 11 Pro",$429.00,4.2,333
"Lenovo IdeaPad Business Laptop with Lifetime Office License, 15.6"" FHD Touchscreen, Intel 10-Core i5-1235U, 24GB RAM, 1TB SSD, Windows 11 Pro, Numeric Keypad, Wi-Fi 6, w/Stylus Pen",$649.00,3.8,90
"HP 15.6"" FHD Touchscreen Business Laptop, Intel i7-1255U, 32GB RAM, 1TB PCIe SSD, Intel Iris Xe Graphics, Num Pad, Webcam, Windows 11 Pro, Natural Silver, 32GB Hotface USB Card",$774.99,4.3,146
"HP 17 Laptop, 17.3” HD+ Display, 11th Gen Intel Core i3-1125G4 Processor, 8GB RAM, 256GB SSD, Wi-Fi, HDMI, Webcam, Windows 11 Home, Silver",$385.99,4.4,336
Google Pixelbook Go - Lightweight Chromebook Laptop - Up to 12 Hours Battery Life[1] - Touch Screen- Just Black,$330.00,4.3,"1,609"
"EYY 15.6"" Laptop Computer, Laptops with 8GB RAM 256GB SSD, 100% sRGB Screen, Celeron N4000 Processor(up to 2.6GHz) Notebook, Ms Office 2024丨Dual Band WiFi丨BT 4.2丨HDMI丨Windows 11 Pro丨Long Battery Life",$209.99,4.4,25
"Acer Aspire 14 AI Copilot+ PC | 14"" WUXGA Display | Intel Core Ultra 7 Processor 256V | NPU: Up to 47 Tops - GPU: Up to 64 Tops | Intel ARC 140V | 16GB LPDDR5X | 1TB SSD | Wi-Fi 6E | A14-52M-72S0",$849.99,4.3,8
"HP Stream 14"" HD BrightView Laptop, Intel Celeron N4120, 8GB RAM, 256GB Storage (128GB eMMC + 128GB USB Card), Intel UHD Graphics, HD Camera, Fast Charge, 1 Year Office 365, Win 11 S, Gold",,4.8,14
"MSI Thin A15 15.6” 144Hz FHD Gaming Laptop: Ryzen 7-7735HS, NVIDIA Geforce RTX 4050, 16GB DDR5, 512GB NVMe SSD, Cooler Boost 5, Win 11: Black B7VE-214US",,4.4,"1,986"
"Lenovo IdeaPad 3 15.6"" FHD Chromebook Laptop, Intel Celeron N4500, Intel UHD Graphics, 4GB RAM, 64GB SSD, USB-A&C, HDMI, WiFi, Chrome OS",,3.9,22
"HP 17.3"" Laptop, Full HD (1920 * 1080) Display, AMD Ryzen 5 Processor (Beats i7-11370H), 32GB RAM, 1TB SSD, Windows 11 Home, Webcam, Wi-Fi, Bluetooth, Natural Silver, Alpacatec Accessory",$558.00,4.3,111
"Acer Aspire 5 15 Slim Laptop | 15.6"" FHD IPS Touch 1920 x 1080 | Intel Core i7-1355U | Intel Iris Xe Graphics | 16GB LPDDR5 | 512GB Gen 4 SSD | Wi-Fi 6E 802.11ax | Backlit Keyboard |",$599.99,4.3,57
"ASUS Vivobook Laptop, 17.3"" FHD (1920 x 1080) IPS LED Display, Intel i3-1215U, 6-Core, 12GB DDR4 RAM, 1TB SSD, Quiet Blue, HDMI, Win 11 Home, TWE Mouse Pad",$399.00,4.5,2
"15.6'' Laptop Computer,1080P FHD Display,8GB RAM,512GB SSD,N5095 CPU Business Laptop,Numeric Keypad,Backlit Keyboard,Fingerprint Unlock,SD Card Reader,Webcam, 5GWiFi, HDMI,Silver",$199.46,4.0,58
"ASUS TUF Gaming A14 Copilot+ PC Gaming Laptop, 14” WQXGA 16:10 165Hz Display, AMD Ryzen™ AI 7 8845HS, NVIDIA® GeForce RTX™ 4050, 16GB LPDDR5X, 512GB PCIe® Gen 4.0 SSD, Wi-Fi 6E, Windows 11 Home",,4.4,585
"ASUS Vivobook Go 15.6” FHD Slim Laptop, AMD Ryzen 3 7320U Quad Core Processor, 8GB DDR5 RAM, 256GB SSD, Windows 11 Home, Fast Charging, Webcam Shield, Military Grade Durability, Black, E1504FA-AB34",$364.01,4.3,549
"Lenovo 2022 Ideapad 3 Laptop, 15.6"" HD Touchscreen, 11th Gen Intel Core i3-1115G4 Processor, 8GB DDR4 RAM, 256GB PCIe NVMe SSD, HDMI, Webcam, Wi-Fi 5, Bluetooth, Windows 11 Home, Platinum Grey",$325.00,4.3,600
"HP Pavilion 15.6"" HD Touchscreen Anti-Glare Laptop, 16GB RAM, 256GB SSD Storage, Intel Core Processor up to 4.1GHz, Up to 11 Hours Long Battery Life, Type-C, HDMI, Windows 11 Home, Silver",$379.99,4.1,197
"HP Victus 15.6 i5 Gaming Laptop, 15.6"" FHD 1920*1080 144Hz, Intel Core i5-12450H, NVIDIA GeForce RTX 3050, 32GB RAM, 1TB SSD, Backlit KB, Touchpad, SD Card Reader, Webcam, HDMI, Wi-Fi 6, W11 H, Blue",,4.3,383
"Azeyou 11.6” Laptop HD Display, Student Laptop Computer 4GB DDR4 RAM, 128GB SSD, OS 11 Pro Laptops, WiFi, BT4.2, USB3.0, Type_C 4000mAh Battery (Black)",$139.99,3.4,190
"ASUS 14"" Laptop, 14"" FHD Display, Intel Celeron N4500, 4GB Memory, 64GB eMMC, Touchpad, Webcam, HDMI, Wi-Fi, Windows 11 Home, Quiet Blue",$169.99,4.0,55
"15.6 inch Laptop, Gaming Laptop N4000 Processor, Laptop Computer with 12GB LPDDR4 256GB SSD, Silver Traditional Laptop Computers for Work & Study, 180° Angle Open, Dual-Band WiFi, Long Battery Life",$216.99,4.5,9
"EYY 16"" Laptop Computer Intel Core i5 Processor, Windows 11 Pro Laptop 16GB RAM 512GB SSD, 1920 x 1200 FHD 16:10 Display, MS Office 2024, Notebook with Backlit Keyboard, WiFi, BT5.0, RJ45, HDMI",$319.99,4.5,40
"HP Flagship 14"" Laptop with 1 Year Office 365 | 16GB RAM | 1.28TB Storage(128GB EMMC & 160GB Docking Station & 1TB Cloud Storage) | Intel 4-Core Processor | Webcam| Silver | Windows 11",$309.00,4.2,296
"Lenovo IdeaPad Slim 3i - 2024 - Lightweight Laptop - Rapid Charge Boost - 14"" FHD IPS Display - 16GB Memory - 512GB SSD Storage - Intel® Core™ i7-13620H - Windows 11 HomeArctic Grey",$581.45,4.1,89
"Lenovo 2024 IdeaPad 1 Gen 7 Laptop, 15.6"" FHD Touchscreen, Intel Core i3-1215U, 16GB RAM, 1TB SSD, SD Card Reader, HDMI, Webcam, Wi-Fi 6, Windows 11 Home, Grey",$419.98,4.5,174
"ACEMAGIC Laptop, 15.6"" Business Student Laptop Computer, Intel Quad-Core Processor Windows 11 Laptop, 16GB DDR4 512GB SSD, Up to 2TB,180° Open Angle, Metal Shell, WiFi, USB3.2, Type C",$359.99,5.0,6
Gaming Laptop AMD Ryzen 9 6900HX (up to 4.9 GHz) Graphics AMD Radeon 680M 16 Inch FHD Computer 32GB RAM 512GB SSD WiFi 6 Bluetooth 5.2 DDR5 58Wh Battery,$589.99,5.0,3
"Laptop, 14 Inch HD Laptop Computer with MS Office 2024 Pro Plus, 8GB RAM 128GB SSD, Quad Core N5095 Processor Win-11 Laptops, Long Lasting Battery, Dual-Band WiFi 5, BT, USB 3.0, Webcam",$189.00,4.2,61
"HP Victus 15.6 i5 Gaming Laptop, 15.6"" FHD 1920*1080 144Hz, Intel Core i5-12450H, NVIDIA GeForce RTX 3050, 16GB RAM, 1TB SSD, Backlit KB, Touchpad, SD Card Reader, Webcam, HDMI, Wi-Fi 6, W11 H, Blue",,4.2,91
"Coolby Laptop Computer, 14.1 inch Windows 11 Laptop with HD Display, 8GB RAM/128GB SSD, Intel N5095 Quad Core Notebook PC, Support 2.4G/5G WiFi, BT",$199.00,4.4,188
"HP 15 Notebook Laptop, 15.6"" Full HD Display, Intel Core i5-1135G7 Processor, 16GB DDR4 RAM, 512GB PCIe SSD, USB Type-C, Webcam, Wi-Fi, Windows 11 Home, Silver",$439.99,4.1,75
"HP 14"" HD Student Business Laptop, Intel Quad-Core N4120, 16GB RAM, 384GB Storage, (128GB eMMC+256GB SD Card), 1 Year Office 365, Slim Design, Webcam, HDMI, Bluetooth, WiFi, Win 11 S, Silver",$299.00,4.4,115
"SGIN 15.6 Inch Laptop Computer, Celeron N5095A Processor, Windows 11 Laptop, DDR4 12GB SSD 512GB, 1920x1080 FHD, 7000mAh, USB 3.2, BT5.0, Type-C, Traditional Laptops for Business Student",$239.99,5.0,35
"HP Stream 14"" HD Laptop, Intel Processor N150, 16GB RAM, 288GB Storage(128GB UFS+160GB Docking Station Set), Intel Graphics, 1 Year Office 365, Copilot, Fast Charge, Wi-Fi 6, Win 11 S, Silver",$589.00,4.6,14
"15.6 inch Win11 Laptop Computer, 1920x1080 IPS Screen, 12GB DDR5 RAM / 512GB SSD, N95(Beats N5095) Processor Notebook PC, Support Fingerprint, WiFi 5, BT, Full Size Keyboard",$239.00,4.4,76
"Dell Latitude 5510 Laptop PC, Intel Core i5-10310U 10th Gen Processor, 16GB Ram, 256GB NVMe SSD, Webcam, Type C, HDMI Windows 11 Pro, Silver (Renewed)",,4.2,34
"ASUS TUF Gaming A15 Gaming Laptop, 15.6” FHD 144Hz Display, NVIDIA® GeForce RTX™ 3050, AMD Ryzen™ 5 7535HS, 8GB DDR5, 512GB PCIe® Gen4 NVMe™ SSD, Wi-Fi 6, Windows 11, FA506NC-ES51",$735.00,4.3,453
"Acer Nitro V Gaming Laptop | Intel Core i5-13420H Processor | NVIDIA GeForce RTX 4050 Laptop GPU | 15.6"" FHD IPS 165Hz Display | 8GB DDR5 | 512GB Gen 4 SSD | Wi-Fi 6 | Backlit KB | ANV15-52-586Z",$674.98,4.2,5
"ASUS Vivobook 17"" FHD Laptop | Intel Core i3-1215U(Beat AMD Ryzen 5 7520U) | Intel UHD Graphics|Camera| Blue | 16GB RAM | 512GB SSD | Windows 11 Home | Bundle with 64GB USB Flash Drive",$399.00,4.5,20
"Laptop - Laptop Computer, 15.6 Inch Laptops, 8GB DDR4 RAM 256GB SSD, Celeron N5095, Computers with Win 11, 1920 x 1080 Display, Type-C, HD for Businesses and Students",$169.86,3.8,8
"HP Envy 2-in-1 14"" Full HD Touch-Screen Laptop, 8GB RAM, 512GB SSD, Intel Core i5 1335U, Intel Iris Xe Graphics, Fast Charge, Fingerprint, Backlit KB, Win11, Natural Silver, W/GaLiMu",$524.69,4.4,55
"Acer Nitro V Gaming Laptop | Intel Core i5-13420H Processor | NVIDIA GeForce RTX 4050 Laptop GPU | 15.6"" FHD IPS 144Hz Display | 8GB DDR5 | 512GB Gen 4 SSD | WiFi 6 | Backlit KB | ANV15-51-51H9",$799.99,4.2,637
"ASUS 14"" FHD Laptop, Intel Celeron N4500, 4GB Memory on Board, 64GB eMMC, Intel Iris Xe Graphics, Media Card Reader, Quiet Blue, E410KA-CL464",$169.00,4.1,52
"Blackview Laptop 2025, Laptops Computer for Business Student, Quad-Core N150 (Up to 3.6GHz, Beat N5095/N95/N97/N100), 16GB DDR4 256GB SSD, 15.6” FHD IPS TÜV Screen, 100W Type-C Fast Charge, 4K HDMI",$339.99,4.3,74
"jumper 16 inch Convertible Laptop, 2 in 1 Laptop Computer with IPS FHD 360 Degree Touchscreen, 16GB DDR4 640GB Storage, Fingerprint Reader, WiFi 6, 53.2WH, Backlit Keyboard, Type-C, 1 Year Office 365",$399.99,4.2,57
"Microsoft Surface Laptop (2024), Windows 11 Copilot+ PC, 13.8"" Touchscreen Display, Snapdragon X Plus (10 core), 16GB RAM, 256GB SSD Storage, Platinum",$878.00,4.3,665
"ASUS Zenbook A14; Copilot+ PC, Ultrathin Laptop, 14” WUXGA OLED, Snapdragon® X Processor, 16 GB Memory, 512GB SSD, Wi-Fi 6E, Zabriskie Beige, UX3407QA-DS52-CB",$879.00,5.0,2
"Android 15 Tablet, 10 inch 18GB RAM 128GB ROM, 2.0Ghz Quad-core Processor Tablet, 1280*800 IPS Touch Screen, 2.4G/5G WiFi, 2 in 1 Tablets with Keyboard, Case, Mouse, Stylus, 6000mAh Battery 8MP Camera",$64.99,3.9,"1,110"
"Laptop Computer 14"" 128GB SSD Support 1TB Expand 512GB TF Celeron N4020(Up to 2.8Ghz) Win 11 Laptops 1920x1080 FHD Dual WiFi BT4 for for Business Student -Gray",$159.99,4.2,124
"2025 Gaming Laptop 16 Inch Laptop Computer with Ryzen 7 5825U Processor, 32GB DDR4, 1T SSD, FHD Display 1920*1080P, Win 11 PRO, WiFi 6, Backlit Keyboard, HDMI, for Student, Office, Business",$649.99,4.6,27
"Acer Nitro V 16S AI Gaming Laptop | AMD Ryzen 7 260 Processor | NVIDIA GeForce RTX 5060 Laptop GPU (572 AI Tops) | 16"" WUXGA IPS 180Hz Display | 32GB DDR5 | 1TB Gen 4 SSD | Wi-Fi 6 | ANV16S-41-R2AJ","$1,299.99",4.8,26
"HP 15.6"" FHD Touchscreen Laptop | 13th Gen Intel i7-1355U (10-Core, up to 5GHz) | 32GB RAM | 1TB SSD | Iris Xe Graphics | Win 11 Pro | Long Battery | Wi-Fi 6 | W/Mouse",$829.99,,
"HP Victus 15.6"" Full HD 144Hz Gaming Laptop, Intel Core i5-12450H, NVIDIA GeForce RTX 3050,16GB RAM, 512GB PCIe SSD, Wi-Fi 6, Backlit Keyboard,Windows 11 Pro, Performance Blue",,4.2,29
"Lenovo ThinkPad E16 GEN 1 Home & Business Laptop (AMD Ryzen 7 7730U 8-Core, 32GB RAM, 1TB PCIe SSD, AMD Radeon, 16.0"" 60 Hz Wide UXGA (1920x1200), WiFi, Win 11 Pro) with Dockztorm Hub",$849.00,4.6,138
"Lenovo IdeaPad Slim 3 Chromebook, 14″ FHD IPS Anti-Glare Touchscreen, MediaTek Kompanio 520, 4GB LPDDR4X, 224GB Storage(64GB eMMC+160GB Docking Station Set), Webcam, WiFi 6, Chrome OS, Blue",$279.00,4.3,990
GIGABYTE - Gaming A16 Gaming Laptop - 165Hz 1920x1200 WUXGA - NVIDIA GeForce RTX 5070 - Intel i7-13620H - 1TB SSD with 32GB DDR5 RAM - Windows 11 Home AD Gaming A16 CWHI3US864SH,"$1,299.99",4.2,30
"Gaming Laptop,15.6 Inch Laptop Computer,32GB RAM 1TB SSD,AMD Ryzen 5 7430U (up to 4.3Ghz,Beat 5700U),AMD Radeon Graphics,15.6”FHD 1920 * 1080 Display,WiFi 5,BT5.0,Backlit Keyboard",$519.99,4.2,39
"15.6 inch Laptop, 12th Quad Core N100(Up to 3.4GHz) CPU,16GB RAM 1TB SSD, 2K FHD IPS Laptops, 2.4G/5G WiFi, Webcam,Full-Featured Type-C,Large Capacity Battery",$268.00,4.5,37
"10.1Inch Laptop,Quad-Core Processor with Android 12.0 OS,2GB RAM,64GB EMMC,Built-in Camera,WiFi,USB Interface,Tpye-C Charging for Learning and Entertainment (Blue 2GB+64GB)",$99.99,3.7,71
"14"" Laptop Computer, Windows 11 Laptop for MS Office, 8GB RAM 512GB SSD, Intel Pentium Quad-Core Processor(Up to 2.64GHz), 1080P FHD IPS, Wi-Fi 5, BT5.0, HDMI, Students, Lightweight",$179.99,2.4,17
"HP 255 G10 Business Laptop 15.6"" FHD Display (AMD Ryzen 7 7730U, 32GB DDR4, 1TB PCIe SSD, AMD Radeon, Numeric Keypad, WiFi 6, HD Webcam, Bluetooth 5.2, Win 11 Pro) w/DKZ USB Port Expander",$539.99,4.5,8
"Microsoft Surface Laptop SE, Celeron Processor, 4GB RAM, 64GB SSD, Monza Gray",$186.00,5.0,1
"HP Stream 14"" HD Laptop, Intel Celeron N4120, 4GB RAM, 64GB eMMC, Intel UHD Graphics 600, 1 Year Office 365, HD Camera, Wi-Fi 5, Bluetooth, Fast Charge, Windows 11 S, Silver, 32GB Hotface USB Card",$155.00,3.6,3
"Acer Swift X 14 Laptop | 14.5"" OLED 2880 x 1800 120Hz Calman Verified | Unlock AI Experiences | Intel Core Ultra 7 Processor 155H | NVIDIA GeForce RTX 4060 | 16GB LPDDR5X | 1TB SSD | SFX14-72G-77NJ","$1,099.99",4.2,406
"HP 14"" HD Student Business Laptop, Intel Quad-Core N4120, 16GB RAM, 384GB Storage, (128GB eMMC+256GB SD Card), 1 Year Office 365, Slim Design, Webcam, HDMI, Bluetooth, WiFi, Win 11 S, Silver",$299.00,4.4,115
"2025 New Portable Laptop,Student and Business,14"" FHD IPS Display,N5095 Processor(Beats N4000/N4020),8GB DDR4 RAM,256GB PCIe SSD,Numeric Keypad,2.4/5G WiFi,38WH Battery,Webcam,Mini HDMI,USB(Silver)",$189.98,3.8,14
"HP Latest Stream 14"" HD Laptop, Intel Celeron Processor, 4GB Memory, 64GB eMMC Storage, Fast Charge, HDMI, Up to 11 Hours Long Battery Life, Office 365 1-Year, Win 11 S, Microfiber Bundle, White",$189.00,4.1,65
"15.6"" Student Laptop with Backlit Keyboard|16GB RAM 1TB SSD Laptop Computer|1920×1080 FHD Eye Protection Display|Fingerprint|38Wh Large Capacity Battery|180°Open Angle|WiFi|Webcam|BT 4.2|HDMI",$299.99,4.2,81
"16"" Laptop Computer Core i5(up to 3.6GHz)16GB RAM,512GB SSD,Window 11 Pro Notebook PC,MS Office,gaming laptop,1920 x 1200 FHD 16:10 Display, with BT5.0 Wi-Fi, USB A, HDMI, RJ45, Backlit Keyboard",$349.99,4.4,9
"ASUS Vivobook go 14"" FHD Laptop, Intel Pentium N6000 (Up to 3.30GHz), 1920x1080 Display, 4GB Memory, 64GB eMMC, 1-Year of Microsoft 365, NumberPad, Webcam, HDMI, Wi-Fi, Win11H in S Mode, E410KA",$189.99,4.4,"6,032"
"2025 16"" Gaming Laptop 16GB+512GB Core i3 Processor Up to 3.2Ghz Win 11 SSD Expand Up to 1TB SSD WiFi 6 PC with Type-C Webcam Numeric Keypad Ultra-Narrow Border 2K Display for Gaming-Silver",$309.99,4.4,126
"Lenovo IdeaPad Slim 3 Chromebook - 2024 - Lightweight Laptop - Waves MaxxAudio® Speakers - 14"" HD Display - HD 720p Camera - 4GB Memory - 64GB Storage - MediaTek Kompanio 520 - Abyss Blue",$181.90,4.4,228
"Lenovo Chromebook S330 Laptop, 14-Inch FHD Display, MediaTek MT8173C, 4GB RAM, 64GB Storage, Chrome OS",$184.00,4.2,"3,653"
"15.6 Inch Laptops, Win 11 Pro Laptop Computer,12GB RAM 512GB SSD, Celeron N100 Quad-Core(Up to 3.4GHz), FHD IPS 1920x1080, HDMI, Type-C, USB 3.0, WiFi 6, BT 5.2, TF Card Reader, 6500mAh",$229.00,4.4,36
"Azeyou Laptop Computer,15.6"" Laptop, Alder Lake-N95 Quad Core CPU(Up to 3.4GHz), 12GB RAM 256GB SSD,1080P FHD Laptop, OS11 Pro,Full Function Type-C,2.4G/5G WiFi, BT5.0,USB3.0",$264.99,4.3,25
"Lenovo Ideapad 14 Laptop, 14"" HD Screen, Intel Pentium Silver N5030, 4GB RAM, 128GB PCIe SSD (NO eMMC), Webcam, HDMI, SD Card Reader, Win 11, Gray, 1 Year Office 365, with Bundled Accessories",$197.00,4.0,152
"HP Omnibook 5 16"" AI Laptop - AMD Ryzen AI 7 350 - Copilot+ PC - 2K (1920 x 1200) Touchscreen - 16GB Memory - 1TB SSD - Windows 11 Home",$689.99,4.7,8
"ASUS ROG Strix G16 Gaming Laptop, Intel i7-14650HX, 64 GB DDR5 RAM, 2 TB PCIe SSD, 16” FHD+ (1920x1200) Display, Nvidia G-Force RTX 5060, 4-Zone RGB Keyboard, W11 Pro, Eclipse Gray","$1,739.00",,
"Lenovo Thinkpad E14 G6 Business Laptop 14.0"" IPS WUXGA Display (AMD Ryzen 7 7735U, 32GB DDR5, 1TB PCIe SSD, AMD Radeon, Fingerprint, 2 Thunderbolt 4, WiFi 6E, Win 11 Pro) w/DKZ USB Port Expander",$849.99,4.5,19
"2025 Laptop 15.6 inch, Laptop Computer with N4000 Processor with 8GB RAM 256GB SSD, FHD Display 1920*1080P, WIFI5 BT4.2 HDMI Windows 11 Laptop, Thin and Light Laptop, Office Laptop, Study Laptop",$239.99,3.9,63
GIGABYTE AERO X16; Copilot+ PC - 165Hz 2560x1600 WQXGA - NVIDIA GeForce RTX 5070 - AMD Ryzen AI 9 HX 370-1TB SSD with 32GB DDR5 RAM - Windows 11 Home - Lunar White AERO X16 2WHA3USC64DH,"$1,599.99",4.7,10
"HP Latest Stream 14"" HD Laptop, Intel Celeron Processor, 16GB Memory, 64GB eMMC Storage, Fast Charge, HDMI, Up to 11 Hours Long Battery Life, Office 365 1-Year, Win 11 S, Microfiber Bundle, White",$224.00,3.9,205
"acer Nitro V Gaming Laptop | AMD Ryzen 5 7535HS Hexa-Core Processor | NVIDIA GeForce RTX 4050 Laptop GPU | 15.6"" FHD IPS 144Hz Display | 8GB DDR5 | 512GB SSD | WiFi 6 | Backlit KB | ANV15-41-R5N6",$705.00,4.2,201
"14"" Laptop 8GB RAM Celeron N5095 (Up to 2.9Ghz) 256GB SSD Support 1TB Expand 4-Core with Cooling Fan 1920 * 1200 2K FHD Screen Dual 5GWiFi BT4.2 for Business and Students-Blue",$229.99,4.2,124
"HP Stream 14"" HD BrightView Laptop, Intel Celeron N4120, 16GB RAM, 288GB Storage (128GB eMMC + 160GB Docking Station Set), Intel UHD Graphics, 720p Webcam, Wi-Fi, 1 Year Office 365, Win 11 S, Black",$309.00,4.1,"1,272"
"Bmax 14 inch Laptop Computer, 8GB RAM/256GB SSD, FHD IPS Display, Intel N5000 Processor Up to 2.7GHz, 2.4/5G WiFi, BT 5.0, Long Lasting Battery Portatile Notebook, Mini HDMI USB 3.0 Slim Silver Laptop",$169.99,4.0,5
"HP 15.6""Chromebook Laptop for Student and Business, Intel Celeron Processor N200(> N4500) 8GB DDR5 RAM, 128GB eMMC Storage(64GB eMMC+64GB SD Card), Wi-Fi6, Chrome OS, Long Battery Life, Natural Silver",$239.00,5.0,8
"HP Essential Laptop, 15.6"" FHD Display, Intel Core i3-1215U Processor, 16GB RAM, 1TB SSD, Webcam, Wi-Fi 6, HDMI, Windows 11 Home, KKE Accessories, Gray",$388.00,3.4,5
"HP 17.3"" 1920 x 1080 (Full HD) Laptop, AMD Ryzen 5 7430U(6 core), AMD Radeon Graphics, 16GB DDR4 RAM, 512GB SSD, HDMI, Wi-Fi 6, Bluetooth, Windows 11 S, Natural Silver, EAT 64GB USB Flash Drive",$449.00,4.3,11
"Lenovo IdeaPad 1 15.6"" HD Laptop, Intel Celeron N4500, 20GB RAM, 1TB SSD+128GB eMMC, Intel UHD Graphics, WiFi 6, Num Pad, 1 Year Office 365, Windows 11, Abyss Blue, 160GB Docking Station Set",$529.00,4.3,546
"HP OmniBook 5 Flip 2-in-1 14"" Full HD+ Touch-Screen Laptop | Intel Core 5 120U|Intel Graphics| Copilot | Webcam| Silver | 8GB RAM DDR5 | 512GB SSD |Windows 11 Home |Bundle with Stylus Pen",$509.99,,
"Lenovo Ideapad Laptop Touchscreen 15.6"" FHD, Intel Core i3-1215U 6-Core, 16GB RAM, 512GB SSD, Webcam, Bluetooth, Wi-Fi6, SD Card Reader, Windows 11, Grey, GM Accessories",,4.3,55
"Windows 11 Laptop Computer, 8GB RAM 128GB ROM, Intel Celeron Dual core Processors, 10"" Netbook Computer with WiFi, Webcam and Bluetooth, Mini Laptop with Bag, Mouse, Headphone and Mouse Pad",$199.99,5.0,3
"Microsoft Surface Laptop Go 3 (2023) - 12.4"" Touchscreen, Thin & Lightweight, Intel Core i5, 8GB RAM, 256GB SSD SSD, with Windows 11, Ice Blue Color Copilot",$640.98,4.5,185
"CHUWI GemiBook XPro Student Laptop 14.1'', Intel N100(up to 3.4GHz), 8GB LPDDR5 256GB SSD, Windows 11 Laptop Computer, 1920X1080 FHD Display, WiFi 6,BT5.2, HDMI,Type-C, Camera,5000mAh,2TB SSD Expand",$199.99,4.0,130
"Lenovo IdeaPad 3 Laptop, Student and Business, 15.6” FHD Touchscreen Display, Intel Core i5-1135G7 Processor, 20GB RAM, 512GB SSD, Wi-Fi 6, SD Card Reader, HDMI, Webcam, Windows 11 Home, Grey",$475.00,4.0,44
"Dell 15 3530 Laptop - Business & Home Student Laptop Computer, Intel 10-Core i5-1334U (Beat i7-1250U), 120Hz FHD Vostro Laptop, WiFi, Bluetooth, Windows 11 Pro (64GB RAM | 2TB PCIe SSD)",$799.99,4.4,526
"Dell Latitude 5430 (Latest Model) 14"" Laptop Intel Core i5-1245U (10-Core) 256GB SSD 16GB RAM FHD (1920x1080) Non Touch Windows 11 Pro (Renewed)",,3.6,11
"MSI Thin 15 B13VE-1697CA 15.6"" 144Hz Gaming Laptop Intel® Core™ i5-13420H RTX 4050 16GB 512GB NVMe SSD Win11",$749.99,4.4,67
"15.6 Inch Laptop-Computer with MS Office, 12th Gen Intel Quad-Core N5095, 16GB RAM 1TB SSD (Expandable to 2TB), Win 11 Laptop, Backlit, Fingerprint, Type-C, HDMI, USB3.2, BT5.0, WiFi 5G",$299.99,3.9,23
"15.6 Inch Laptop, Laptops 24GB 1TB SSD, Laptop Computer N5095, Gaming Laptop, Traditional Laptop Computers 180 Angle Opening, Lap top Fingerprint Unlock Backlit Keyboard, 1920X1080 FHD IPS MINI-HDMI",$358.99,4.1,22
"HP Victus 15.6"" FHD 144Hz Gaming Laptop, AMD Ryzen 5-7535HS, AMD Radeon RX 6550M (Beats RTX 2050), Backlit Keyboard, Windows 11 Home, w/Cloth (16GB RAM |512GB PCIe SSD)",,4.6,35
"Lenovo ThinkBook 16 G7 16"" FHD+ Laptop Computer, Intel Ultra 7 155H (Beat i7-13705H), Arc Graphics, 32GB DDR5, 1TB PCIe SSD, WiFi 6E, Backlit Keyboard, Win 11 Pro Copilot AI Business Laptop Vent-HEA",$999.00,5.0,6
"MSI Vector 16 HX AI 16” 144Hz FHD+ Gaming Laptop: Intel Core Ultra 7-255HX, NVIDIA Geforce RTX 5070Ti, 16GB DDR5, 512GB NVMe SSD, Thunderbolt 5, Wi-Fi 6E, Win 11 Home: Cosmo Gray A2XWHG-212US","$1,549.99",3.9,20
"HP 2024 Premium 14"" Micro-Edge Portable Laptop Student Business, Intel Quad-Core N4120, 4GB RAM, 192GB (128GB eMMC+ 64GB Card), Webcam, WiFi, Windows 11S + 1 Year Office 365, MarxsolAccessory Silver",$269.00,4.2,245
"msi Modern 15 Laptop: Intel Core Ultra 9 185H(Beat i9-13900H), 32GB RAM, 1TB SSD, 15.6"" Full HD IPS Touchscreen Display, Backlit Keyboard, Windows 11",$899.99,4.1,2
"Lenovo IdeaPad 1 Laptop, 15.6"" FHD (1920x1080) Touchscreen IPS Display, AMD Ryzen 5 7520U, 4-Core, 8GB LPDDR5 RAM, 256GB SSD, HDMI, Abyss Blue, Windows 11 Home, TWE 64GB Micro SD Card",$395.00,,
"15.6"" Laptop, Ryzen 5 3500U (Up to 3.7GHz) Quad-Core Processor, 32GB DDR4 RAM, 512GB NVMe SSD, Portable Notebook with Adjustable Touchpad, Privacy Webcam Switch-Grey (32GB DDR4 | 512GB SSD)",$429.00,4.0,5
"CHUWI HeroBook Pro 14.1'' Laptop, 256GB SSD 8GB RAM, Windows 11 Laptops, 2TB SSD Expand, Intel Celeron N4020(up to 2.8GHz), 2K FHD IPS Display, Ultra Slim, Mini-HDMI, 5G WiFi, USB3.0, Webcam,TF Card",$193.69,3.8,"3,722"
"15.6"" Window 11 Pro Laptop Computer,Core m3 (up to 3.40 GHz) 16GB RAM 512GB SSD,MS Office Ultra-Thin and Lightweight Notebook PC with FHD 1920x1080 Display,Dual Band WiFi 5, BT5.0",$259.99,4.5,11
"16"" Touch Screen Laptop, i3-8109U, 32GB RAM, SSD, RGB Backlit Keyboard, Face & Fingerprint Recognition, 180 Degree Opening and Closing, Win 11 Pro (32GB RAM | 1TB SSD)",$429.90,5.0,1
"14.1"" Laptop, Laptop Computer Core i7 Processor(Up to 2.7GHz), Student Laptop 8GB DDR3 256GB SSD, FHD IPS Laptop PC Wifi5 BT4.2 USB3.0 * 3 Ethernet Port*1 HDMI*1 SD Slot*1 Audio Jack*1",$216.99,3.9,20
"Dell Latitude 5550 15 Business AI Laptop, 15.6"" FHD Computer, Intel Ultra 7 155U (Beat i7-1355U), 64GB DDR5 RAM, 1TB PCIe SSD, WiFi 6, Backlit Keyboard, Fingerprint Reader, Windows 11 Pro","$1,399.00",4.1,70
"Lenovo ThinkPad T14 Gen 5 Business Laptop 14"" FHD+ IPS, Intel Ultra 5 125U, 32GB DDR5 RAM, 512GB SSD, 5MP HD Webcam, Fingerprint, Backlit, Wi-Fi 6E, 2 Thunderbolt 4, AI PC, W11P, 3 Yr Wty",$959.95,4.4,27
"HP Omnibook 5 16"" Copilot+ AI Laptop - AMD Ryzen AI 7 (50 Tops) - 2K (1920 x 1200) Touchscreen - Backlit Keyboard - 16GB Memory - 1TB SSD – Windows 11 – W/128GB Portable SSD",$719.99,4.4,92
"ASUS Vivobook 16 Laptop, 16"" WUXGA (1920x1200) IPS LED Display, Intel i5-13420H, 8-Core, 16GB DDR4 RAM, 512GB PCIe SSD, HDMI, Cool Silver, Windows 11 Home, TWE Mouse Pad & Mouse",$539.00,4.3,41
"HP Stream 14"" HD Laptop, Intel Processor N150, 16GB RAM, 1.12TB Storage(128GB UFS+1TB Docking Station Set), Intel Graphics, Webcam, Wi-Fi 6, 1 Year Office 365, Copilot, Fast Charge, Win 11, Blue",$338.98,4.4,64
"HP 15.6"" Full HD Touchscreen Laptop | Intel i7-1355U (Beats i9-10880H) | 32GB RAM | 1TB SSD | Intel Iris Xe Graphics | Win 11 | Fast Charge | Wi-Fi 6 | W/Charger",$819.99,5.0,2
"MSI 15.6"" FHD Gaming Laptop, 144Hz IPS, NVIDIA GeForce RTX 4060, Intel Core i5-13420H, 32GB DDR4, 1TB SSD, Wi-Fi 6, Backlit Keyboard, Webcam, Bluetooth, Windows 11 Home, Cosmos Gray",$938.00,4.5,3
"ASUS ROG Strix G16 (2025) Gaming Laptop, 16” FHD+ 16:10 165Hz/3ms Display, NVIDIA® GeForce RTX™ 5050 Laptop GPU, Intel® Core™ i7 Processor 14650HX, 16GB DDR5, 1TB PCIe Gen 4 SSD, Wi-Fi 7, Win 11 Home","$1,299.00",,
"Gaming Laptop RTX 5060, Lighter, 300Hz 2560x1600 2.5K 16'' QHD, Core i7-13700HX【32GB(16x2) DDR5+1TB PCIe4.0 SSD】 8GB GDDR7, 500nits 100% sRGB, WiFi6E, BT5.3, Metal Notebook PC Laptop Gamer","$1,184.00",5.0,2
"2-in-1 Tablet/Laptop,core N100, 14"" Window 11 Pro Touchscreen PC with Backlit Keyboard, 16GB LPDDR5 512GB SSD,1920x1200 Touchscreen,MS Office,WiFi-6,Type-C ,HDMI, Dual Camera, Quad-Core Processor",$399.99,5.0,6
"ASUS V16 Gaming Laptop, 16” WUXGA 144Hz Display, Intel Core 7 Processor 240H, NVIDIA GeForce RTX 3050, 16GB Memory, 512GB Storage, Windows 11, Matte Black, V3607VJ-DS76",$849.99,3.0,2
"HP OMEN Gaming Laptop, AMD Ryzen 9-8940HX, 64 GB DDR5 RAM, 2 TB PCIe SSD, 16"" 2K (1920x1200) 144Hz Display, Nvidia G-Force RTX 5060, Backlit Keyboard, W11 Pro, Shadow Black",,,
"Dell Inspiron 15 3000 3520 Business Laptop Computer[Windows 11 Pro], 15.6'' FHD Touchscreen, 11th Gen Intel Quad-Core i5-1135G7, 32GB RAM, 1TB PCIe SSD, Numeric Keypad, Wi-Fi, Webcam, HDMI, Black",,4.0,9
"MSI Thin 15.6 inch 144Hz FHD Thin Bezel IPS Gaming Laptop, AMD Ryzen 5 7535HS, NVIDIA GeForce RTX 4060 -Window 11, w/HDMI Cable (2025) (16GB RAM | 1TB PCIe SSD)",$870.00,4.2,9
"Lenovo Legion Pro 5i Gen 10 Gaming Laptop, Intel Ultra 9-275HX, 32 GB DDR5 RAM, 2 TB PCIe SSD, 16"" WQXGA (2560x1600) Display, Nvidia G-Force RTX 5070Ti, 24-Zone RGB Backlit, W11 Home, Eclipse Black","$2,549.00",,
"10.1 inch Ultra-Thin Portable Mini Laptop,Celeron N4020 Processor (up to 2.8Ghz), 8GB RAM DDR4,Weight only About 0.8Kg,Built-in Webcam, WiFi, Easy to Carry (Gray, 8G+256GB SSD)",$279.00,4.1,19
"Lenovo IdeaPad 1 15.6"" Business Laptop[Windows 11 Pro S], Intel Celeron N4500 Processor, 20GB RAM, 1TB SSD+128GB eMMC Storage, 1 Year Office 365, Wi-Fi 6, BT 7, Numeric Keypad, SD Card Reader, w/Hub",$369.00,5.0,1
"ASUS ROG Strix G16 (2025) Gaming Laptop, 16” ROG Nebula Display 16:10 2.5K 240Hz/3ms, NVIDIA® GeForce RTX™ 5060 Laptop GPU, Intel® Core™ Ultra 9 Processor 275HX, 32GB DDR5, 1TB PCIe SSD, Wi-Fi 7","$1,999.00",4.4,885
"HP Flagship 14"" HD Student&Business Laptop, Intel N150 CPU(Beats i3-1115G4), 32GB RAM, 288GB Storage (128GB UFS + 160GB Docking Set), W/1 Year Office 365&AI-Copilot, Webcam, Bluetooth, Win 11s, Gold",$338.99,4.6,14
"ASUS Vivobook 14(2025), 14"", FHD Slim Laptop, Intel 13th Core i5-1334U, UHD Graphics, Privacy Camera, Bluetooth5.1, Windows 11 H, Quiet Blue, W/HDMI (12GB RAM | 512GB SSD + HDMI)",$479.99,4.5,2
"ASUS Vivobook S Copilot+ Laptop, AMD Ryzen AI 9 HX 370, 32 GB LPDDR5x RAM, 2 TB PCIe SSD, 15.6"" 3K (2880x1620) Display, AMD Radeon 890M, 1-Zone RGB Backlit Keyboard, W11 Pro, Neutral Black","$1,399.00",,
"2025 Latest 15.6"" Laptop Compatible with Windows 11, i7-6500U Processor, 16GB RAM, 512GB SSD, 1080p FHD Display, Backlit Keyboard, WiFi5, Bluetooth5, Fingerprint, Webcam, Mini-HDMI, TF Card Slot, Grey",$279.99,3.0,1
"Portable Monitor, 15.6"" FHD 1080P Travel Portable Monitor for Laptop, Ultra-Slim External Screen with Kickstand, Screen Extender for Laptop PC Mac Phone PS4/5 Xbox Switch",$49.99,4.4,"1,040"
"Mini Laptop 8 inch HD Touchscreen Portable, Windows 11 Pro Small Gaming Laptop, N150 12 GB LPDDR5 512 GB M.2 SSD, Wi-Fi 6, BT 5.2 2 MP Camera, G-Sensor, HDMI, Type C",$419.00,4.5,6
"CHUWI GemiBook Plus Laptop 15.6'', 16GB LPDDR5 512GB SSD, Intel N150(Up to 3.6GHz, TDP 15W), Windows 11 Laptops Computer, 2TB SSD Expend, IPS FHD 2K, HDMI, WiFi 6, BT5.2, USB 3.0, Webcam",$329.99,,
"8 Inch 2-in-1 Mini Laptop,HD Rotatable Touch Screen Support Handwriting Windows 11 Pro Small Laptop, N100/N150,12GB RAM, 512GB SSD,Wi-Fi 6, BT 5.2,2 MP Camera,G-Sensor,HDMI,Type C Ultra Pocket PC",$356.15,4.2,105
"Dell Inspiron 16 Laptop 16"" WUXGA(1920x1200) Display, AMD Ryzen7 8840U, 8 cores, 16GB DDR5, 1TB SSD, Fingerprint Reader, BK, Windows 11, TWE Mouse Pad",$635.00,,
"MSI 15.6"" 144Hz FHD Thin Bezel IPS Gaming Laptop, AMD Ryzen 5 7535HS, NVIDIA GeForce RTX 4060, 32GB DDR5, 1TB NVMe SSD, Backlit Keyboard, WiFi 6E, Windows 11, Cosmos Gray, EAT Laptop Foldable Stand",$925.00,,
"HP Victus 15.6"" 144Hz Full HD Gaming Laptop - AMD Ryzen 7 7445HS -NVIDIA GeForce RTX 4050-Windows 11-Copilot-with Mouse Pad (32GB RAM |1TB PCIe SSD+Mouse pad)",$959.99,4.6,3
"LG gram 14-inch 2in1 Lightweight Laptop, Intel Evo Edition - AI-enabled Intel Core Ultra 7 Processor, Windows 11 Home, 16GB RAM, 1TB SSD, Touch IPS Display, Black","$1,199.99",4.0,37
"Microsoft 2024 Surface Laptop 7th Edition, Copilot+ PC, 13.8in Snapdragon X-Elite 16GB RAM 512GB SSD Win 11H Black (Renewed)",,,
"15.6 Inch Portable Laptop Monitor with USB C HDMI - HDR Eye Careful Gaming Monitor,FHD IPS/HDR Computer Screen Extender with Built-in Speakers -Compatible with Laptop PC Phone PS4/PS5 Switch",$49.99,4.2,50
"Lenovo Legion Pro 7i Gen 10 16"" Gaming Laptop (2025 Model) Intel Core Ultra 9 275HX 24C, NVIDIA GeForce RTX 5090 24GB, 64GB RAM, 2TB (1TB+1TB) NVMe SSD, 16"" WQXGA OLED 500 nits 240Hz, Windows 11 Home","$3,899.99",,
"LOVEVOOK 17 Inch Laptop Tote Bag for Women, Teacher Nurse Work Bags, Laptop Bag With Large Cup Holder, Professional Briefcase Business Computer Purses Handbag,Light Green-Beige-Olive Green",$67.48,4.7,84
RAINSMORE Messenger Bag for Men Laptop Briefcase Bags Waterproof Computer Bag Shoulder Bag for Work Business,$42.99,5.0,7
"Kipling Women's Seoul 15"" Laptop Backpack, Durable, Roomy with Padded Shoulder Straps, Built-In Protective Sleeve",$62.00,4.7,"3,165"
"15.6inch Portable Monitor,1080P USB-C HDMI Second External Monitor for Laptop,PC,Mac Phone,PS,Xbox,Swich,IPS Ultra-Thin Zero Frame Gaming Display/Premium Smart Cover",$59.99,4.4,"5,280"
"Teacher Bags for Women, 15.6 inch Laptop Work Tote Nurse Bible Bag Quilted Shoulder Handbag for Work, Daily, School, Travel",$35.99,4.9,23
"Amazon Basics Sturdy and Portable Ergonomic Laptop Stand for Desk, Adjustable Riser, Fits all Laptops and Notebooks up to 17.3 Inch, Silver, 10 x 8.7 x 6 in",$24.22,4.6,"2,160"
"KYY Portable Monitor 15.6inch 1080P FHD USB-C, HDMI Computer Display HDR IPS Gaming Monitor w/Premium Smart Cover & Screen Protector, Speakers, for Laptop PC MAC Phone PS4 Xbox Switch",,4.4,"11,208"
Business Backpack for Men Slim Lightweight Laptop Backpack for 17.3 Inch Computer Water Resistant Small Office Backpack for Commute Travel Daily Office Work with Small Bag (Black),$39.99,4.6,83
"ARZOPA Portable Monitor 15.6'' FHD 1080P - Ultra-Slim Portable Laptop Monitor with Kickstand - IPS Display for PC, MAC, Phone, Xbox, PS5 - USB C & HDMI Connectivity - A1",$74.99,4.4,"13,466"
"52in1 Precision Screwdriver Set, [Super Durable] Small Repair Kit, PC Accessories, PS5 Cleaning Kit, Tool Sets for Men, Fit MacBook, Computer, Laptop, Watch, PS4, Xbox, Eyeglass, Console More",$7.99,4.4,159
"Osprey Axis Laptop Backpack – Sleek Everyday Pack with Laptop Sleeve, Water Bottle Pockets & Compression Straps",,4.8,281
"Portable Laptop Stand, OMOTON Laptop Stand for Desk Ergonomic 7-Levels Angles Adjustable Computer Stand, ABS Laptop Riser Holder Compatible with All Laptops and iPad(10-15.6"")",$8.99,4.5,"4,304"
"Adjustable Laptop Stand for Desk, Metal Foldable Laptop Riser, Portable Laptop Holder Mount, Ventilated Cooling Computer Notebook Stand Compatible with 10-15.6” Laptops",$16.99,4.5,"2,038"
"BESIGN LS03 Aluminum Laptop Stand, Ergonomic Detachable Computer Stand, Notebook Riser Compatible with Air, Pro, Dell, HP, Lenovo More 10-15.6"" Laptops, Silver",$14.99,4.8,"20,970"
"Osprey Proxima Laptop Backpack – Organized Everyday Pack with Dedicated Tech Storage, Water Bottle Pockets, and Comfortable Carry – Perfect for School, Commuting, and Travel, Black",$74.95,4.6,190
"InnoView Portable Monitor, 15.6 Inch FHD 1080P HDMI USB C Second External Monitor for Laptop, Desktop, MacBook, Phones, Tablet, PS5/4, Xbox, Switch, Built-in Speaker with Protective Case",$65.99,4.4,"4,992"
VILVA Portable-Monitor-for-Laptop - 15.6'' 1080P FHD IPS Display USB-C HDMI Portable Monitor for Laptop with Cover and Speakers External Monitor for Laptop/PC/Mac/Phone/Xbox Switch/PS4/,$57.94,4.3,"2,019"
"Amazon Basics 15.6-Inch Laptop Bag for Women and Men, Computer and Tablet Messenger Bag, Black",$15.99,4.8,41
"Laptop Stand for Desk, Adjustable Laptop Riser ABS+Silicone Foldable Portable Notebook Holder, Ventilated Cooling Notebook Mount Computer Stand for 10-15.6” Laptops,Tablets-Black",$7.58,4.5,"14,059"
"ZUMWALT Laptop Screen Extender, 14"" Triple Portable Monitor for Laptop, 1080P FHD Screen Extender Monitors for 13""-16.5"", Monitor Extender for MacOS/Windows/Chrome (Built-in Speakers)",$189.99,4.5,161
Portable Monitor 15.6-inch FHD 1080P Ultra-Slim Travel External Monitor HDR IPS Gaming Display with Kickstand &Speakers USB-C HDMI Plug&Play，for Laptop PC Phone PS4/5 Xbox Switch,$47.41,4.3,349
"Portable Monitor, 16 Inch FHD 1200P, 360° Rotating Detachable Stand, Plug&Play Travel Monitor for Laptop, Ultra-Thin Zero Frame, Premium Smart Cover, Portable Screen for Laptop/PC/Mac",$79.99,4.4,228
"Laptop Stand for Desk, Adjustable Laptop Riser, Metal Foldable Computer Stand Holder Portable Notebook Mount, Ventilated Cooling Notebook Stand Compatible with 10-15.6” Laptops",$13.98,4.8,519
"Laptop Stand with 360 Rotating Base, Computer Notebook Laptop Riser Metal Holder for Desk Collaborative Work, Fully Foldable for Easy Storage, Fits All MacBook, Laptops up to 16 inches",$34.99,4.7,"1,089"
"InnoView Portable Monitor 15.6"" 1080P Portable Monitors for Laptop with Protective Sleeve Built-in 90° Adjustable Stand USB C HDMI Ultra-Slim Portable Laptop Monitor for MacBook Phone PS Xbox Switch",$69.99,4.4,"1,142"
"llano V12 RGB Laptop Cooling Pad, Gaming Laptop Cooler with 5.5 Inch Powerful Turbofan, Fast Cooling Laptop 15.6-21in, Adjustable Speed, Touch Control, LCD Screen, Black",$91.19,4.5,"1,844"
"Laptop Stand for Desk, Adjustable Computer Stand with 360° Rotating Base, Ergonomic Laptop Riser for Collaborative Work, Foldable & Portable Laptop Stand, fits for All 10-16"" Laptops",$28.78,4.7,"2,318"
"Samsung 990 EVO Plus SSD 2TB, PCIe Gen 4x4, Gen 5x2 M.2 2280, Speeds Up-to 7,250 MB/s, Upgrade Storage for PC/Laptops, HMB Technology and Intelligent Turbowrite 2.0, (MZ-V9S2T0B/AM)",$119.99,4.8,"6,129"
"Lamicall Adjustable Laptop Stand, Portable Laptop Riser, Aluminum Laptop Stand for Desk Foldable, Ergonomic Computer Notebook Stand Holder for MacBook Air Pro, Dell XPS, HP (10-17.3'') - Silver",$35.99,4.7,"9,459"
"Nulaxy Telescopic 360 Rotating Laptop Stand for Desk Adjustable Height Swivel Pull Out Design Ergonomic Laptop Riser Standing Desk Converter Fits All 10-17"" Laptops Computer MacBook, Gray",$59.99,4.7,"2,681"
"HP Elitebook 660 G11 16"" FHD+ Business Copilot AI Laptop Computer, Intel Ultra 7 155U (Beat i7-1355U), 64GB DDR5 RAM, 2TB PCIe SSD, WiFi 6E, Backlit KB, Fingerprint Reader, Windows 11 Pro, AZ-XUT","$1,198.99",4.6,44
"Lenovo Ideapad, 15.6"" FHD Touchscreen Laptop, 12th Gen Intel Core i5-1235U 10-core Processor, 16GB RAM, 512GB SSD, Intel Iris Xe Graphics, Wi-Fi 6, Windows 11 S, Abyss Blue, EAT Mouse Accessories",,5.0,5
"15.6"" Windows 11 Laptop 16GB RAM 512GB SSD Intel N5095 Processor (4C4T, up to 2.9Ghz) FHD IPS Display Windows 11 Pro Lightweight Notebook Computer Backlit Keyboard Fingerprint HDMI WiFi5 BT4.2",$269.99,4.3,21
"HP 15.6"" FHD Touchscreen Laptop, Intel Core i7-1355U(Up to 5.0 GHz), 32GB RAM, 1TB NVMe SSD, Wi-Fi 6, Numeric Keypad, Fast Charge, Webcam, Type-C, Windows 11 Home, w/BWE Accessories",$879.99,5.0,2
"Gaming-Laptop-Computer, 12th Inter 12-Core i5-1240P (Beat i5-12450H, Up to 4.4GHz) 16GB DDR4 512GB NVMe, Windows 11 Laptop, 15.6"" FHD IPS Display,Fingerprint,Backlit,WiFi 6,BT5.2,65W Type-C",$429.99,4.4,10
"Portable Monitor 15.6 Inch 1080P USB-C HDMI Ultra-Slim Travel Monitor with Kickstand, for Laptop, PC, Mac Phone, PS, Xbox, Swich IPS Ultra-Thin Zero Frame Gaming",$49.99,4.5,366
"17 Inch Laptop Backpack for Women, Business Travel Anti-Theft Backpack with USB Charging Port, Water Resistant Computer Bag Carry On Flight Approved for Work College Weekender, Beige",$36.99,4.6,262
"2025 Latest 15.6'' Compatible with Windows 11 Laptop Computer, Core i7-6500U Laptop 32GB DDR4 1TB SSD, FHD 1080P Display & Backlit Keyboard, Webcam, Mini-HDMI, WiFi 5, Bluetooth, Study, Business",$339.99,2.5,11
"jumper 16 inch Convertible Laptop, Laptop Computer with IPS FHD 360 Degree Touchscreen, 16GB RAM 640GB Storage, Fingerprint Reader, Backlit Keyboard, Celeron N5095, 53.2WH, 1 Year Office 365",$399.99,5.0,16
"ivoler Laptop Stand, Laptop Holder Riser Computer Tablet Stand, 6 Angles Adjustable Aluminum Ergonomic Foldable Portable Desktop Holder Compatible with 10-15.6” MacBook,iPad, HP, Dell, Lenovo Silver",$9.99,4.6,"23,433"
"15.6"" FHD Laptop with celeron N5095 Quad - Core, 8GB DDR4 256GB SSD, 60Hz IPS Eye - Care Screen, Backlit Keyboard, Fingerprint Reader，WiFi 5, BT 4.2, USB 3.0, HDMI，Win 11",$189.59,3.6,86
"Laptop Case Sleeve 15.6 inch, Shockproof Protective Notebook Case with Accessory Pocket, Briefcase Carrying Laptop Cover for 15.6"" HP, ASUS, Dell, Lenovo, Acer, Black",$11.98,4.6,"2,349"
"acer Nitro V Gaming Laptop | Intel Core i9-13900H Processor | NVIDIA GeForce RTX 4060 Laptop GPU | 15.6"" FHD IPS 144Hz Display | 32GB DDR5 | 1TB Gen 4 SSD | WiFi 6 | Backlit KB | ANV15-51-92XK","$1,349.99",3.8,79
"NIMO 15.6"" FHD IPS Student-Laptop-Computer - Intel Core i3-1215U(Beat i5-1135G7, 6 Cores Up to 4.4GHz), 8GB RAM 256GB SSD, 65W Type-C, 2 Years Warranty, Fingerprint, Backlit Keyboard, Wi-Fi 6, BT5.2",,4.8,17
"HP Victus 15.6"" 144Hz FHD Gaming Laptop,AMD Ryzen 5 7535HS,16GB DDR5 RAM,512GB SSD,AMD Radeon RX 6550M,Beats RTX 2050,Backlit Keyboard,Windows11 Pro, Mica Silver",,4.5,93
"LENOVO IdeaPad 3i Laptop, 15.6"" HD Touchscreen Display, Intel Core i3-1115G4 Processor, 12GB DDR4 RAM, 256GB PCIe SSD, Bluetooth, Webcam, Wi-Fi 6, HDMI, Windows 11 Home, Grey",$359.00,4.3,956
"Lenovo ThinkPad P14s Gen 6 Laptop with AMD Ryzen AI 7 PRO 350 Processor and Copilot +, 14” 2.8K OLED VRR 30-120Hz Touchscreen Display, with 64GB DDR5-5600MT/s Memory, 1TB SSD, Wi-Fi 7, and Win 11 Pro",,5.0,1
"Morostron 14.1 inch Laptop Computer,Celeron Quad-Core Up to 2.2 GHz,4GB RAM and 192GB SSD,Win11 Laptop Computers with FHD IPS,Slim and Lightweight Notebook,Work and Students laptops,Gray,WPS",$179.99,4.7,5
"ASUS Vivobook S 14 OLED Slim Laptop, AMD Ryzen AI 9 365(10 Cores), 24GB, 1TB SSD, Customizable RGB Keyboard, Cool Silver, M5406WA-AH94","$1,249.99",4.3,251
"SGIN Laptop 17.3 Inch, Windows 11 Notebook Celeron I3 Processor, 4GB DDR3 128GB SSD, FHD IPS Display, HDMI, Type-C, Numpad, for Business and Students",$227.99,4.4,96
"Kootek Laptop Cooling Pad, Laptop Cooler with 5 Quiet Fans for 12""-17"" Computer PC Notebook Gaming Laptop Fan, Height Adjustable Laptop Cooling Stand Laptop Accessories, Blue",$25.99,4.4,"13,874"
"15.6"" FHD Laptop Computer with Backlit Keyboard,32GB RAM 512GB SSD,Quad Core N95 Processor(Up to 3.4GHz),180 ° Angle Opening,Fingerprint Reader,8000mAh Battery,Webcam,WiFi 5,BT, HDMI,USB 3.0",$278.99,3.8,9
"HP 17.3"" HD+ Business Laptop, Intel i5-1334U, 16GB RAM, 800GB Storage(512GB SSD+288GB Docking Station Set), Intel Iris Xe Graphics, Full Size Keyboard, Wi-Fi 6, 720p HD Camera, Win 11, Jet Black",$599.00,4.4,33
"LOVEVOOK Laptop Tote Bag for Women,Work Tote with Wristlet,PU Leather Computer Bag for Teacher,Office, Daily",$49.99,4.8,15
"15.6"" Laptop Computer with 32GB DDR4 RAM 512GB SSD, Quad-Core Intel_N95 CPU(up to 3.4GHz) Dual Band WiFi, USB3.0x2, Backlight Keyboard, Fingerprint Unlock(Rose Gold, 32GB | 512GB)",$268.99,3.7,67
"HP 15.6 inch Laptop, Intel Core i5-1135G7 Processor, 15.6"" FHD Anti-Glare LED Display, HDMI, Wi-Fi and Bluetooth, Lightweight Design, Fast Charge, Windows 11 Home (16GB RAM | 1TB SSD)",$475.00,4.1,124
"Crucial 32GB DDR5 RAM Kit (2x16GB), 5600MHz (or 5200MHz or 4800MHz) Laptop Memory 262-Pin SODIMM, Compatible with Intel Core and AMD Ryzen 7000, Black - CT2K16G56C46S5",$77.99,4.8,"4,614"
"tounee Telescopic Laptop Stand for Desk with 360° Swivel Base, Sit to Stand, Height Adjustable, Portable Riser Holder for Good Posture, Compatible with MacBook Pro, All Laptops 10-17""-Gray",$49.99,4.8,"3,172"
"Lenovo V15 Laptop for Business, Home, Student | 15.6"" FHD Anti-Glare Display | Intel Core i7-1255U | 16GB RAM | 512GB SSD | HDMI | Type-C | RJ-45 | Numeric Keypad | Webcam | Wi-Fi 6 | Windows 11 Pro",,4.5,44
"MSI Thin A15 Gaming AI Laptop, AMD Ryzen 9 8945HS, 64 GB DDR5 RAM, 2 TB PCIe SSD, 15.6"" FHD (1920x1080) 144 Hz IPS Display, Nvidia G-Force RTX 4060, Backlit Keyboard, W11 Home, Black","$1,359.00",4.6,6
"Laptop Backpack for Men Women, Anti-Theft Work Business Daypacks Fit 17 Inch Computer, 30L Personal Item Travel Backpack, Airline Approved, Water-Resistant College School Bookbag for Weekender",$42.99,4.8,41
"15.6 inch Gaming Laptop 2025, Laptop Computer with N95 Quad-Core up to 3.4GHz, 16GB DDR4 512GB SSD, Backlit Keyboard, Fingerprint Unlock, FHD 1920 * 1080, WiFi5, BT4.2, Win 11 Pro(Silver)",$259.99,4.6,11
"Breathable Laptop Pillow, Ultra Lightweight Lap Desk with Cushion (Navy Blue, Lap Desk with Wrist Rest)",$39.99,5.0,4
"Acer Chromebook 315 Laptop | Intel Celeron N4500 | 15.6"" Full HD IPS Display | Intel UHD Graphics | 4GB LPDDR4X | 64GB eMMC | Intel Wi-Fi 6 | DTS Audio | USB Type-C | Chrome OS | CB315-4H-C8XU,Silver",$185.99,4.3,221
"Adjustable Laptop Stand, Computer Stand with 360 Rotating Base, Ergonomic Laptop Riser Mount for Desk Foldable Protable Computer Desk Fits with MacBook Pro Air (10-16"") - Black",$31.99,4.6,"1,063"
"LG gram Pro 17-inch Lightweight Laptop Computer, Intel Evo Edition Powered by Intel Core Ultra9 285H Processor, NVIDIA RTX5050, Windows 11 Home, 32GB RAM, 2TB SSD, Black","$2,899.99",5.0,3
"LOVEVOOK Laptop Lunch Tote Bag for Women, Work Bag with Insulated Lunch Compartment Handbag for Work, Teacher, Nurse",$69.99,4.4,3
"MSI Thin 15 Gaming Laptop 15.6"" FHD IPS 144Hz Intel Octa-core i5-13420H (Beats i7-12650H) 16GB RAM 512GB SSD GeForce RTX 4060 Backlit USB-C Win11 w/ICP Hub",$819.00,4.1,12
"LG gram Pro 2in1 16-inch Lightweight Touchscreen Laptop Computer, Intel Evo Edition Powered by Intel Core Ultra7 255H Processor, Windows 11 Home, 32GB RAM, 2TB SSD - Obsidian Black","$2,096.99",3.6,10
"Dual Screen Laptop 15.6"" LCD Screen + 7"" Touch Screen Computer 16GB RAM 1TB SSD in tel N100 (up to 3.4GHz) /Student & Business Portable PC with Color Backlight KB,TypeC,Win11 Pro (16G+1TB)",$499.90,3.4,9
"HP Stream 14 Inch Laptop for Student，Intel Celeron N4120,16GB RAM,64GB eMMC,Microsoft 365 with 1TB Cloud Storage,720p Webcam,Windows 11 S,Long Battery Life,with 5ave Accessories,White",$269.99,4.5,25
"Lenovo ThinkPad T16 Gen 3 Business Laptop 16” FHD+ Display, Intel Ultra 5-125U (Beats i7-1355U), 32GB DDR5 RAM, 1TB SSD, 5MB Webcam, WiFi 6E + BT, RJ-45, HDMI, Win 11 Pro, 3 Yr Wty, AI Copilot - Black",$999.95,4.7,10
"BESIGN LSX7 Laptop Stand with 360 Rotating Base, Ergonomic Adjustable Notebook Riser Holder Compatible with Air, Pro, Dell, HP, Lenovo More 10-15.6"" Laptops (Black)",$19.79,4.6,"4,062"
"HP 14"" 2-in-1 FHD Touchscreen Chromebook Plus Laptop, Intel i3-N305, 8GB LPDDR5, 416GB Storage(256GB SSD+160GB Docking Station), UHD Graphics, FHD Camera, Fast Charge, Wi-Fi 6E, Chrome OS, Silver",$449.00,4.4,"2,654"
"ASUS E410MA 14"""" Laptop Computer Intel Celeron N4020 1.1GHz Processor; 4GB DDR4 Onboard RAM; 64GB eMMC Storage; Intel UHD Graphics 600, E410MA-TB.CL464",$169.00,4.5,92
"Adjustable Computer Stand with 360 Rotating Base, Ergonimic Foldable Laptop Riser for Desk Compatible with MacBook Pro/Air Notebook up to 16 Inches, Silver",$36.87,4.8,"2,881"
"THEYETI 15.6 Inch 2 in 1 Gaming Laptop Computer 16GB RAM 1TB SSD, 12th Gen i3-1215U Processor, 1920 x 1080 IPS Touchscreen Yoga Convertible Laptop with HDMI, Type C, Supports 360° Folding","$1,599.99",5.0,6
"HP 250 255 G10 Business Laptop 15.6"" FHD Display, Intel Core i5-1334U (Beats AMD Ryzen 5 7530U) 16GB RAM, 512GB PCIe SSD for Home, Student, Webcam, Numeric Keypad, Windows 11 Pro",$499.95,4.4,15
"Laptop Windows 11 Pro, Small Computer for Business & Students, 8GB RAM 128GB ROM, 11.6"", N4000 Processor, 6-Port, HDMI, Bluetooth 5 & wifi5, Lightweight Mini Laptop for Office & Study(Pink)",$159.00,3.8,24
"240W USB C Charger, 140W Laptop Fast Charger, PD3.1 PPS 6-Port USB Type C Wall Charger, Advanced GaN Power Adapter, for MacBook Pro 16'', iPhone 16 Series, iPad Pro, Galaxy, Pixel, and More",$65.99,,
"acer Aspire Laptop, 14"" WUXGA Touch IPS Display, Intel Ultra 5-226V, 8 Cores, 16GB LPDDR5X RAM, 512GB PCIE SSD, BK, AI Copilot+PC, Webcam, Windows 11 Home, TWE Mouse Pad",$580.00,3.8,14
"Kipling Women's Seoul Extra Large 17” Laptop Backpack, Durable, Roomy with Padded Shoulder Straps, Bag",$72.00,4.7,806
"2025 Gaming Laptop, 15.6 Inch Laptop Computer, 32GB RAM 1TB SSD,AMD Ryzen 7 5700U 8C/16T Processor(up to 4.3Ghz),AMD Radeon Graphics,15.6” FHD 1920 * 1080 Display,WiFi 5,BT5.0,Backlit Keyboard",$549.99,3.8,4
"Lenovo IdeaPad 3 Laptop, 15.6"" FHD Touchscreen, Intel Core i5-1155G7, 24GB RAM, 1TB SSD, Webcam, HDMI, Wi-Fi 6, Windows 11 Home, Blue",$499.00,4.2,273
"15.6"" Laptop Screen Extender, 1080P FHD Laptop Monitor Extender with 120% sRGB, 235°Rotation Detachable Dual Monitor, Plug & Play, Triple Screen Compatible with Windows, Mac, Chrome",$279.99,4.6,323
"Lenovo Ideapad 3i 15.6 FHD Touchscreen Business & Home Laptop, Intel Core i5-1155G7 Processor, 16GB DDR4 RAM, 512GB SSD, Webcam, Wi-Fi, HDMI, Bluetooth, Windows 11, Abyss Blue, W/GaLiMu",,4.8,41
